{"N": [0.9998413285633144, 0.9982060707337141, 0.9922161118421262, 0.9808906776654438, 0.968128715903722], "BRCA2": [0.9974451474739136, 0.937614611654514, 0.8049545726179492, 0.5867182171084141, 0.18056652745382873], "BRCA1": [0.983895092353778, 0.8950968695159843, 0.5754602646345801, 0.4062736660404135, 0.3272767701527669]}